id,texto,link_blog,objetivo,eixo,mudancas,adotada,estado,acessibilidade,assistencia_social,ciencias_tecnologia,comunicacao,cultura,desenvolvimento_urbano,educacao,esporte_lazer,geracao_renda_economia,habitacao,meio_ambiente_residuos,mobilidade,promocao_direitos,saude,seguranca,transparencia_participacao,CET,gabinete_do_prefeito,SP Obras,SECOM,SMPED,SMADS,SMC,SMSP,SMDU,SMDHC,SEME,SF,SEHAB,SIURB,SMPM,SMPIR,SMS,SMSU,SES,SMT,SDTE,SEMPLA,SVMA,SP Trans,SP Urbanismo,cidadania_territorios_vulneraveis,arco_do_futuro,centralidades_locais,requalificação_centro,fronteira_ambiental,sem_articulacao_territorial,anhanguera,brasilandia,freguesia_do_o,jaguara,jaragua,perus,pirituba,vila_matilde,vila_guilherme,vila_medeiros,tucuruvi,santana,tremembe,jacana,cachoeirinha,casa_verde,limao,lapa,perdizes,vila_leopoldina,jaguare,sao_domingos,butanta,rio_pequeno,vila_sonia,raposo_tavares,morumbi,pinheiros,alto_de_pinheiros,jardim_paulista,itaim_bibi,mandaqui,moema,vila_mariana,saude,santo_amaro,campo_belo,campo_grande,jabaquara,cursino,ipiranga,sacoma,cidade_ademar,pedreira,cidade_dutra,socorro,grajau,parelheiros,marsilac,jardim_angela,jardim_sao_luis,vila_andrade,campo_limpo,capao_redondo,barra_funda,santa_cecilia,bom_retiro,consolacao,bela_vista,liberdade,republica,se,cambuci,bras,pari,mooca,belem,tatuape,vila_prudente,sao_lucas,sapopemba,agua_rasa,formosa,carrao,aricanduva,sao_mateus,sao_rafael,iguatemi,cidade_tiradentes,jose_bonifacio,parque_do_carmo,guaianases,lajeado,itaquera,vila_curuca,itaim_paulista,jardim_helena,sao_miguel_paulista,vila_jacui,artur_alvim,ponte_rasa,cangaiba,penha,ermelino_matarazzo,cidade_lider,vila_maria
1,Inserir aproximadamente 280 mil famílias com renda de até meio salário mínimo no Cadastro Único para atingir 773 mil famílias cadastradas,http://www.prestandocontas.org/?page_id=42,1,1,sem alteração,,,,,,,,,,,,,,,,,,,,,,,,,,,,,,,,,,,,,,,,,,,,,,,,,,,,,,,,,,,,,,,,,,,,,,,,,,,,,,,,,,,,,,,,,,,,,,,,,,,,,,,,,,,,,,,,,,,,,,,,,,,,,,,,,,,,,,,,,,,,,,,,,
2,Beneficiar 228 mil novas famílias com o Programa Bolsa Família,http://www.prestandocontas.org/?page_id=46,1,1,sem alteração,,,,,,,,,,,,,,,,,,,,,,,,,,,,,,,,,,,,,,,,,,,,,,,,,,,,,,,,,,,,,,,,,,,,,,,,,,,,,,,,,,,,,,,,,,,,,,,,,,,,,,,,,,,,,,,,,,,,,,,,,,,,,,,,,,,,,,,,,,,,,,,,,
3,Implantar 60 Centros de Referência da Assistência Social - CRAS,http://www.prestandocontas.org/?page_id=89,1,1,sem alteração,,,,,,,,,,,,,,,,,,,,,,,,,,,,,,,,,,,,,,,,,,,,,,,,,,,,,,,,,,,,,,,,,,,,,,,,,,,,,,,,,,,,,,,,,,,,,,,,,,,,,,,,,,,,,,,,,,,,,,,,,,,,,,,,,,,,,,,,,,,,,,,,,
4,Implantar 7 Centros de Referência Especializada da Assistência Social - CREAS,http://www.prestandocontas.org/?page_id=94,1,1,sem alteração,,,,,,,,,,,,,,,,,,,,,,,,,,,,,,,,,,,,,,,,,,,,,,,,,,,,,,,,,,,,,,,,,,,,,,,,,,,,,,,,,,,,,,,,,,,,,,,,,,,,,,,,,,,,,,,,,,,,,,,,,,,,,,,,,,,,,,,,,,,,,,,,,
5,Garantir 100.000 vagas do Programa Nacional de Acesso ao Ensino Técnico e Emprego (PRONATEC),http://www.prestandocontas.org/?page_id=99,1,1,sem alteração,,,,,,,,,TRUE,,,,,,,,,,,,,,,,,,,,,,,,,,,,,,,,,,,,,,,,,,,,,,,,,,,,,,,,,,,,,,,,,,,,,,,,,,,,,,,,,,,,,,,,,,,,,,,,,,,,,,,,,,,,,,,,,,,,,,,,,,,,,,,,,,,,,,,,
6,Formalizar aproximadamente 22.500 microempreendedores individuais,http://www.prestandocontas.org/?page_id=104,1,1,sem alteração,,,,,,,,,,,,,,,,,,,,,,,,,,,,,,,,,,,,,,,,,,,,,,,,,,,,,,,,,,,,,,,,,,,,,,,,,,,,,,,,,,,,,,,,,,,,,,,,,,,,,,,,,,,,,,,,,,,,,,,,,,,,,,,,,,,,,,,,,,,,,,,,,
7,Ampliar em 20 mil o número de matrículas na Educação de Jovens e Adultos e implantar 3 novos Centros Integrados (CIEJA),http://www.prestandocontas.org/?page_id=2405,1,1,nova meta,,,,,,,,,TRUE,,,,,,,,,,,,,,,,,,,,,,,,,,,,,,,,,,,,,,,,,,,,,,,,,,,,,,,,,,,,,,,,,,,,,,,,,,,,,,,,,,,,,,,,,,,,,,,,,,,,,,,,,,,,,,,,,,,,,,,,,,,,,,,,,,,,,,,,
8,Implantar 4 Centros de Referência Especializados para a população em situação de rua (Centros POP),http://www.prestandocontas.org/?page_id=2407,1,1,nova meta,,,,,,,,,,,,,,,,,,,,,,,,,,,,,,,,,,,,,,,,,,,,,,,,,,,,,,,,,,,,,,,,,,,,,,,,,,,,,,,,,,,,,,,,,,,,,,,,,,,,,,,,,,,,,,,,,,,,,,,,,,,,,,,,,,,,,,,,,,,,,,,,,
9,Implantar 2 restaurantes comunitários,http://www.prestandocontas.org/?page_id=2411,1,1,nova meta,,,,,,,,,,,,,,,,,,,,,,,,,,,,,,,,,,,,,,,,,,,,,,,,,,,,,,,,,,,,,,,,,,,,,,,,,,,,,,,,,,,,,,,,,,,,,,,,,,,,,,,,,,,,,,,,,,,,,,,,,,,,,,,,,,,,,,,,,,,,,,,,,
10,Implantar 22 Serviços de Acolhimento Institucional à população em situação de rua,http://www.prestandocontas.org/?page_id=2414,1,1,nova meta,,,,,,,,,,,,,,,,,,,,,,,,,,,,,,,,,,,,,,,,,,,,,,,,,,,,,,,,,,,,,,,,,,,,,,,,,,,,,,,,,,,,,,,,,,,,,,,,,,,,,,,,,,,,,,,,,,,,,,,,,,,,,,,,,,,,,,,,,,,,,,,,,
11,Implantar 12 novos Consultórios na Rua com tratamentos odontológicos e relacionados ao abuso de álcool e outras drogas,http://www.prestandocontas.org/?page_id=2415,1,1,nova meta,,,,,,,,,,,,,,,,TRUE,,,,,,,,,,,,,,,,,,,,,,,,,,,,,,,,,,,,,,,,,,,,,,,,,,,,,,,,,,,,,,,,,,,,,,,,,,,,,,,,,,,,,,,,,,,,,,,,,,,,,,,,,,,,,,,,,,,,,,,,,,,,,,,,,
12,Promover ações para a inclusão social e econômica da população em situação de rua,http://www.prestandocontas.org/?page_id=2416,1,1,nova meta,,,,,,,,,,,,,,,,,,,,,,,,,,,,,,,,,,,,,,,,,,,,,,,,,,,,,,,,,,,,,,,,,,,,,,,,,,,,,,,,,,,,,,,,,,,,,,,,,,,,,,,,,,,,,,,,,,,,,,,,,,,,,,,,,,,,,,,,,,,,,,,,,
13,Implementar 4 Centros de Referência em Segurança Alimentar e Nutricional e desenvolver ações de apoio à agricultura urbana e periurbana,http://www.prestandocontas.org/?page_id=2417,1,1,nova meta,,,,,,,,,,,,,,,,,,,,,,,,,,,,,,,,,,,,,,,,,,,,,,,,,,,,,,,,,,,,,,,,,,,,,,,,,,,,,,,,,,,,,,,,,,,,,,,,,,,,,,,,,,,,,,,,,,,,,,,,,,,,,,,,,,,,,,,,,,,,,,,,,
14,Valorizar o profissional da educação por meio da implantação de 31 polos da Universidade Aberta do Brasil (UAB).,http://www.prestandocontas.org/?page_id=106,2,1,meta reduzida,,,,,,,,,TRUE,,,,,,,,,,,,,,,,,,,,,,,,,,,,,,,,,,,,,,,,,,,,,,,,,,,,,,,,,,,,,,,,,,,,,,,,,,,,,,,,,,,,,,,,,,,,,,,,,,,,,,,,,,,,,,,,,,,,,,,,,,,,,,,,,,,,,,,,
15,Ampliar a jornada escolar de 100 mil alunos da Rede Municipal de Ensino,http://www.prestandocontas.org/?page_id=110,2,1,sem alteração,,,,,,,,,TRUE,,,,,,,,,,,,,,,,,,,,,,,,,,,,,,,,,,,,,,,,,,,,,,,,,,,,,,,,,,,,,,,,,,,,,,,,,,,,,,,,,,,,,,,,,,,,,,,,,,,,,,,,,,,,,,,,,,,,,,,,,,,,,,,,,,,,,,,,
16,"Ampliar a Rede CEU em 20 unidades, expandindo a oferta de vagas para a educação infantil.",http://www.prestandocontas.org/?page_id=117,2,1,meta agregada,,,,,,,,,TRUE,,,,,,,,,,,,,,,,,,,,,,,,,,,,,,,,,,,,,,,,,,,,,,,,,,,,,,,,,,,,,,,,,,,,,,,,,,,,,,,,,,,,,,,,,,,,,,,,,,,,,,,,,,,,,,,,,,,,,,,,,,,,,,,,,,,,,,,,
17,"Obter terrenos, projetar, licitar, licenciar, garantir a fonte de financiamento e construir 243 Centros de Educação Infantil – CEI (71 em andamento com o governo do Estado e 172 em parceria com o MEC)",http://www.prestandocontas.org/?page_id=120,2,1,sem alteração,,,,,,,,,TRUE,,,,,,,,,,,,,,,,,,,,,,,,,,,,,,,,,,,,,,,,,,,,,,,,,,,,,,,,,,,,,,,,,,,,,,,,,,,,,,,,,,,,,,,,,,,,,,,,,,,,,,,,,,,,,,,,,,,,,,,,,,,,,,,,,,,,,,,,
18,Construir 65 Escolas Municipais de Educação Infantil (EMEIs) e um Centro Municipal de Educação Infantil (CEMEI),http://www.prestandocontas.org/?page_id=122,2,1,sem alteração,,,,,,,,,TRUE,,,,,,,,,,,,,,,,,,,,,,,,,,,,,,,,,,,,,,,,,,,,,,,,,,,,,,,,,,,,,,,,,,,,,,,,,,,,,,,,,,,,,,,,,,,,,,,,,,,,,,,,,,,,,,,,,,,,,,,,,,,,,,,,,,,,,,,,
1012,Expandir a oferta de vagas para educação infantil por meio dos novos CEUs (agregada à nova meta 16),http://www.prestandocontas.org/?page_id=124,2,1,meta agregada,,,,,,,,,TRUE,,,,,,,,,,,,,,,,,,,,,,,,,,,,,,,,,,,,,,,,,,,,,,,,,,,,,,,,,,,,,,,,,,,,,,,,,,,,,,,,,,,,,,,,,,,,,,,,,,,,,,,,,,,,,,,,,,,,,,,,,,,,,,,,,,,,,,,,
19,Expandir a oferta de vagas para educação infantil por meio da rede conveniada e outras modalidades de parcerias,http://www.prestandocontas.org/?page_id=127,2,1,sem alteração,,,,,,,,,TRUE,,,,,,,,,,,,,,,,,,,,,,,,,,,,,,,,,,,,,,,,,,,,,,,,,,,,,,,,,,,,,,,,,,,,,,,,,,,,,,,,,,,,,,,,,,,,,,,,,,,,,,,,,,,,,,,,,,,,,,,,,,,,,,,,,,,,,,,,
20,Instalar 32 unidades da Rede Hora Certa distribuídas em cada uma das Subprefeituras,http://www.prestandocontas.org/?page_id=129,3,1,sem alteração,,,,,,,,,,,,,,,,TRUE,,,,,,,,,,,,,,,,,,,,,,,,,,,,,,,,,,,,,,,,,,,,,,,,,,,,,,,,,,,,,,,,,,,,,,,,,,,,,,,,,,,,,,,,,,,,,,,,,,,,,,,,,,,,,,,,,,,,,,,,,,,,,,,,,
21,"Desenvolver o processo de inclusão do módulo do prontuário eletrônico do paciente (PE) na rede municipal de saúde, integrada ao Sistema SIGA",http://www.prestandocontas.org/?page_id=131,3,1,sem alteração,,,,,,,,,,,,,,,,TRUE,,,,,,,,,,,,,,,,,,,,,,,,,,,,,,,,,,,,,,,,,,,,,,,,,,,,,,,,,,,,,,,,,,,,,,,,,,,,,,,,,,,,,,,,,,,,,,,,,,,,,,,,,,,,,,,,,,,,,,,,,,,,,,,,,
22,"Obter terrenos, projetar, licitar, licenciar, garantir fonte de financiamento e construir 3 novos hospitais, ampliando em 750 o número de leitos os sistema municipal de saúde",http://www.prestandocontas.org/?page_id=133,3,1,sem alteração,,,,,,,,,,,,,,,,TRUE,,,,,,,,,,,,,,,,,,,,,,,,,,,,,,,,,,,,,,,,,,,,,,,,,,,,,,,,,,,,,,,,,,,,,,,,,,,,,,,,,,,,,,,,,,,,,,,,,,,,,,,,,,,,,,,,,,,,,,,,,,,,,,,,,
23,"Recuperar e adequar 16 hospitais municipais, com a ativação de 250 leitos",http://www.prestandocontas.org/?page_id=136,3,1,sem alteração,,,,,,,,,,,,,,,,TRUE,,,,,,,,,,,,,,,,,,,,,,,,,,,,,,,,,,,,,,,,,,,,,,,,,,,,,,,,,,,,,,,,,,,,,,,,,,,,,,,,,,,,,,,,,,,,,,,,,,,,,,,,,,,,,,,,,,,,,,,,,,,,,,,,,
24,"Obter terrenos, projetar, licitar,licenciar, garantir a fonte de financiamento, construir e instalar 43 novas Unidades Básicas de Saúde - segundo modelo da UBS Integral",http://www.prestandocontas.org/?page_id=139,3,1,sem alteração,,,,,,,,,,,,,,,,TRUE,,,,,,,,,,,,,,,,,,,,,,,,,,,,,,,,,,,,,,,,,,,,,,,,,,,,,,,,,,,,,,,,,,,,,,,,,,,,,,,,,,,,,,,,,,,,,,,,,,,,,,,,,,,,,,,,,,,,,,,,,,,,,,,,,
25,Reformar e melhorar 20 Prontos Socorros utilizando o modelo conceitual da Unidade de Pronto Atendimento (UPA) e implantar 5 novas UPAs,http://www.prestandocontas.org/?page_id=142,3,1,meta agregada,,,,,,,,,,,,,,,,TRUE,,,,,,,,,,,,,,,,,,,,,,,,,,,,,,,,,,,,,,,,,,,,,,,,,,,,,,,,,,,,,,,,,,,,,,,,,,,,,,,,,,,,,,,,,,,,,,,,,,,,,,,,,,,,,,,,,,,,,,,,,,,,,,,,,
1020,Implantar 5 novas UPA III (3 hospitalares e 2 isoladas) (agregada à nova meta 25),http://www.prestandocontas.org/?page_id=148,3,1,meta agregada,,,,,,,,,,,,,,,,TRUE,,,,,,,,,,,,,,,,,,,,,,,,,,,,,,,,,,,,,,,,,,,,,,,,,,,,,,,,,,,,,,,,,,,,,,,,,,,,,,,,,,,,,,,,,,,,,,,,,,,,,,,,,,,,,,,,,,,,,,,,,,,,,,,,,
26,Implantar 30 Centros de Atenção Psicossocial (CAPS),http://www.prestandocontas.org/?page_id=2446,3,1,nova meta,,,,,,,,,,,,,,,,TRUE,,,,,,,,,,,,,,,,,,,,,,,,,,,,,,,,,,,,,,,,,,,,,,,,,,,,,,,,,,,,,,,,,,,,,,,,,,,,,,,,,,,,,,,,,,,,,,,,,,,,,,,,,,,,,,,,,,,,,,,,,,,,,,,,,
27,"Construir, requalificar ou reformar 16 equipamentos culturais",http://www.prestandocontas.org/?page_id=69,4,1,meta reduzida,,,,,,,,,,,,,,,,,,,,,,,,,,,,,,,,,,,,,,,,,,,,,,,,,,,,,,,,,,,,,,,,,,,,,,,,,,,,,,,,,,,,,,,,,,,,,,,,,,,,,,,,,,,,,,,,,,,,,,,,,,,,,,,,,,,,,,,,,,,,,,,,,
28,"Alcançar um calendário anual que inclua uma virada cultural no centro, duas descentralizadas e outros pequenos e médios eventos em diferentes temáticas e regiões da cidade",http://www.prestandocontas.org/?page_id=170,4,1,sem alteração,,,,,,,,,,,,,,,,,,,,,,,,,,,,,,,,,,,,,,,,,,,,,,,,,,,,,,,,,,,,,,,,,,,,,,,,,,,,,,,,,,,,,,,,,,,,,,,,,,,,,,,,,,,,,,,,,,,,,,,,,,,,,,,,,,,,,,,,,,,,,,,,,
29,Viabilizar três Centros Culturais de Referência,http://www.prestandocontas.org/?page_id=172,4,1,meta ampliada,,,,,,,,,,,,,,,,,,,,,,,,,,,,,,,,,,,,,,,,,,,,,,,,,,,,,,,,,,,,,,,,,,,,,,,,,,,,,,,,,,,,,,,,,,,,,,,,,,,,,,,,,,,,,,,,,,,,,,,,,,,,,,,,,,,,,,,,,,,,,,,,,
30,Criar o Programa Cultura Viva Municipal com a ativação de 300 Pontos de Cultura,http://www.prestandocontas.org/?page_id=177,4,1,meta reduzida,,,,,,,,,,,,,,,,,,,,,,,,,,,,,,,,,,,,,,,,,,,,,,,,,,,,,,,,,,,,,,,,,,,,,,,,,,,,,,,,,,,,,,,,,,,,,,,,,,,,,,,,,,,,,,,,,,,,,,,,,,,,,,,,,,,,,,,,,,,,,,,,,
31,Adaptar e consolidar o Fundo Municipal de Cultura,http://www.prestandocontas.org/?page_id=184,4,1,sem alteração,,,,,,,,,,,,,,,,,,,,,,,,,,,,,,,,,,,,,,,,,,,,,,,,,,,,,,,,,,,,,,,,,,,,,,,,,,,,,,,,,,,,,,,,,,,,,,,,,,,,,,,,,,,,,,,,,,,,,,,,,,,,,,,,,,,,,,,,,,,,,,,,,
32,Conceder 300 Bolsas Cultura para agentes culturais da cidade,http://www.prestandocontas.org/?page_id=188,4,1,sem alteração,,,,,,,,,,,,,,,,,,,,,,,,,,,,,,,,,,,,,,,,,,,,,,,,,,,,,,,,,,,,,,,,,,,,,,,,,,,,,,,,,,,,,,,,,,,,,,,,,,,,,,,,,,,,,,,,,,,,,,,,,,,,,,,,,,,,,,,,,,,,,,,,,
33,Atingir 160 projetos anuais de fomento às linguagens artísticas,http://www.prestandocontas.org/?page_id=190,4,1,sem alteração,,,,,,,,,,,,,,,,,,,,,,,,,,,,,,,,,,,,,,,,,,,,,,,,,,,,,,,,,,,,,,,,,,,,,,,,,,,,,,,,,,,,,,,,,,,,,,,,,,,,,,,,,,,,,,,,,,,,,,,,,,,,,,,,,,,,,,,,,,,,,,,,,
34,"Atingir 500 projetos fomentados pelo Programa para a Valorização de Iniciativas Culturais - VAI, nas modalidades 1 e 2",http://www.prestandocontas.org/?page_id=196,4,1,sem alteração,,,,,,,,,,,,,,,,,,,,,,,,,,,,,,,,,,,,,,,,,,,,,,,,,,,,,,,,,,,,,,,,,,,,,,,,,,,,,,,,,,,,,,,,,,,,,,,,,,,,,,,,,,,,,,,,,,,,,,,,,,,,,,,,,,,,,,,,,,,,,,,,,
35,"Obter terrenos, projetar, licitar, licenciar, garantir fonte de financiamento e produzir 55 mil Unidades Habitacionais",http://www.prestandocontas.org/?page_id=202,5,1,sem alteração,,,,,,,,,,,,,,,,,,,,,,,,,,,,,,,,,,,,,,,,,,,,,,,,,,,,,,,,,,,,,,,,,,,,,,,,,,,,,,,,,,,,,,,,,,,,,,,,,,,,,,,,,,,,,,,,,,,,,,,,,,,,,,,,,,,,,,,,,,,,,,,,,
36,Beneficiar 70 mil famílias no Programa de Urbanização de Favelas,http://www.prestandocontas.org/?page_id=207,5,1,sem alteração,,,,,,,,,,,,,,,,,,,,,,,,,,,,,,,,,,,,,,,,,,,,,,,,,,,,,,,,,,,,,,,,,,,,,,,,,,,,,,,,,,,,,,,,,,,,,,,,,,,,,,,,,,,,,,,,,,,,,,,,,,,,,,,,,,,,,,,,,,,,,,,,,
37,Beneficiar 200 mil famílias no Programa de Regularização Fundiária,http://www.prestandocontas.org/?page_id=209,5,1,sem alteração,,,,,,,,,,,,,,,,,,,,,,,,,,,,,,,,,,,,,,,,,,,,,,,,,,,,,,,,,,,,,,,,,,,,,,,,,,,,,,,,,,,,,,,,,,,,,,,,,,,,,,,,,,,,,,,,,,,,,,,,,,,,,,,,,,,,,,,,,,,,,,,,,
74,Implantar 18.000 novos pontos de iluminação pública eficiente.,http://www.prestandocontas.org/?page_id=215,11,1,mudou classificação,,,,,,,,,,,,,,,,,,,,,,,,,,,,,,,,,,,,,,,,,,,,,,,,,,,,,,,,,,,,,,,,,,,,,,,,,,,,,,,,,,,,,,,,,,,,,,,,,,,,,,,,,,,,,,,,,,,,,,,,,,,,,,,,,,,,,,,,,,,,,,,,,
38,Ampliar o efetivo da Guarda Civil Municipal em 2000 novos integrantes,http://www.prestandocontas.org/?page_id=218,6,1,sem alteração,,,,,,,,,,,,,,,,,,,,,,,,,,,,,,,,,,,,,,,,,,,,,,,,,,,,,,,,,,,,,,,,,,,,,,,,,,,,,,,,,,,,,,,,,,,,,,,,,,,,,,,,,,,,,,,,,,,,,,,,,,,,,,,,,,,,,,,,,,,,,,,,,
39,Capacitar 6.000 agentes da Guarda Civil Metropolitana em Direitos Humanos e 2.000 em Mediação de Conflitos,http://www.prestandocontas.org/?page_id=219,6,1,meta reduzida,,,,,,,,,,,,,,,,,,,,,,,,,,,,,,,,,,,,,,,,,,,,,,,,,,,,,,,,,,,,,,,,,,,,,,,,,,,,,,,,,,,,,,,,,,,,,,,,,,,,,,,,,,,,,,,,,,,,,,,,,,,,,,,,,,,,,,,,,,,,,,,,,
1035,Reformular a Operação Delegada utilizando 1/3 do efetivo para o patrulhamento noturno em áreas com altos índices de violência,http://www.prestandocontas.org/?page_id=220,6,1,meta excluída,,,,,,,,,,,,,,,,,,,,,,,,,,,,,,,,,,,,,,,,,,,,,,,,,,,,,,,,,,,,,,,,,,,,,,,,,,,,,,,,,,,,,,,,,,,,,,,,,,,,,,,,,,,,,,,,,,,,,,,,,,,,,,,,,,,,,,,,,,,,,,,,,
110,"Integrar os sistemas das diversas instituições municipais para melhor o aproveitamento das informações (Guarda Civil Metropolitana, Companhia de Engenharia de Tráfego, SAMU, Defesa Civil) e implantar a Central de Operações da Defesa Civil para a gestão de riscos e respostas a desastres",http://www.prestandocontas.org/?page_id=232,18,3,meta agregada,,,,,,,,,,,,,,,,TRUE,,,,,,,,,,,,,,,,,,,,,,,,,,,,,,,,,,,,,,,,,,,,,,,,,,,,,,,,,,,,,,,,,,,,,,,,,,,,,,,,,,,,,,,,,,,,,,,,,,,,,,,,,,,,,,,,,,,,,,,,,,,,,,,,,
40,Instalar 1 Casa da Mulher Brasileira em São Paulo,http://www.prestandocontas.org/?page_id=238,6,1,sem alteração,,,,,,,,,,,,,,,,,,,,,,,,,,,,,,,,,,,,,,,,,,,,,,,,,,,,,,,,,,,,,,,,,,,,,,,,,,,,,,,,,,,,,,,,,,,,,,,,,,,,,,,,,,,,,,,,,,,,,,,,,,,,,,,,,,,,,,,,,,,,,,,,,
41,Instalar 1 Casa Abrigo e 1 Casa de Passagem para ampliar a capacidade de atendimento de proteção às mulheres vítimas de violência,http://www.prestandocontas.org/?page_id=240,6,1,sem alteração,,,,,,,,,,,,,,,,,,,,,,,,,,,,,,,,,,,,,,,,,,,,,,,,,,,,,,,,,,,,,,,,,,,,,,,,,,,,,,,,,,,,,,,,,,,,,,,,,,,,,,,,,,,,,,,,,,,,,,,,,,,,,,,,,,,,,,,,,,,,,,,,,
42,Reestruturar as Casas de Mediação nas 31 inspetorias regionais da Guarda Civil Metropolitana para promover a cultura de mediação e a solução pacífica de de conflitos,http://www.prestandocontas.org/?page_id=2474,6,1,nova meta,,,,,,,,,,,,,,,,,,,,,,,,,,,,,,,,,,,,,,,,,,,,,,,,,,,,,,,,,,,,,,,,,,,,,,,,,,,,,,,,,,,,,,,,,,,,,,,,,,,,,,,,,,,,,,,,,,,,,,,,,,,,,,,,,,,,,,,,,,,,,,,,,
43,"Implementar as ações do Plano Juventude Viva como estratégia de prevenção à violência, ao racismo e à exclusão da juventude negra e de periferia",http://www.prestandocontas.org/?page_id=2475,6,1,nova meta,,,,,,,,,,,,,,,,,,,,,,,,,,,,,,,,,,,,,,,,,,,,,,,,,,,,,,,,,,,,,,,,,,,,,,,,,,,,,,,,,,,,,,,,,,,,,,,,,,,,,,,,,,,,,,,,,,,,,,,,,,,,,,,,,,,,,,,,,,,,,,,,,
44,Implementar 2 novos espaços de convivência e 8 novos serviços de proteção social a crianças e adolescentes vítimas de violência,http://www.prestandocontas.org/?page_id=2476,6,1,nova meta,,,,,,,,,,,,,,,,,,,,,,,,,,,,,,,,,,,,,,,,,,,,,,,,,,,,,,,,,,,,,,,,,,,,,,,,,,,,,,,,,,,,,,,,,,,,,,,,,,,,,,,,,,,,,,,,,,,,,,,,,,,,,,,,,,,,,,,,,,,,,,,,,
45,Ampliar e modernizar 1 Centro Olímpico de Treinamento e Pesquisa e construir 1 Centro Olímpico de Iniciação e Formação.,http://www.prestandocontas.org/?page_id=245,7,1,meta reduzida,,,,,,,,,,,,,,,,,,,,,,,,,,,,,,,,,,,,,,,,,,,,,,,,,,,,,,,,,,,,,,,,,,,,,,,,,,,,,,,,,,,,,,,,,,,,,,,,,,,,,,,,,,,,,,,,,,,,,,,,,,,,,,,,,,,,,,,,,,,,,,,,,
46,Criar 1 Parque de Esportes Radicais,http://www.prestandocontas.org/?page_id=250,7,1,sem alteração,,,,,,,,,,,,,,,,,,,,,,,,,,,,,,,,,,,,,,,,,,,,,,,,,,,,,,,,,,,,,,,,,,,,,,,,,,,,,,,,,,,,,,,,,,,,,,,,,,,,,,,,,,,,,,,,,,,,,,,,,,,,,,,,,,,,,,,,,,,,,,,,,
47,"Promover a prática de atividades esportivas, recreativas e de lazer por 24 horas aos finais de semanas nas 32 subprefeituras",http://www.prestandocontas.org/?page_id=257,7,1,meta reduzida,,,,,,,,,,,,,,,,,,,,,,,,,,,,,,,,,,,,,,,,,,,,,,,,,,,,,,,,,,,,,,,,,,,,,,,,,,,,,,,,,,,,,,,,,,,,,,,,,,,,,,,,,,,,,,,,,,,,,,,,,,,,,,,,,,,,,,,,,,,,,,,,,
48,Requalificar 50 equipamentos esportivos entre Centros Desportivos da Comunidade (CDC) e Clubes-Escola,http://www.prestandocontas.org/?page_id=260,7,1,sem alteração,,,,,,,,,,,,,,,,,,,,,,,,,,,,,,,,,,,,,,,,,,,,,,,,,,,,,,,,,,,,,,,,,,,,,,,,,,,,,,,,,,,,,,,,,,,,,,,,,,,,,,,,,,,,,,,,,,,,,,,,,,,,,,,,,,,,,,,,,,,,,,,,,
49,Construir 5 Centros de Iniciação Esportiva (CIE),http://www.prestandocontas.org/?page_id=270,7,1,sem alteração,,,,,,,,,,,,,,,,,,,,,,,,,,,,,,,,,,,,,,,,,,,,,,,,,,,,,,,,,,,,,,,,,,,,,,,,,,,,,,,,,,,,,,,,,,,,,,,,,,,,,,,,,,,,,,,,,,,,,,,,,,,,,,,,,,,,,,,,,,,,,,,,,
50,Tornar acessíveis 850 mil m² de passeios públicos,http://www.prestandocontas.org/?page_id=278,8,1,sem alteração,,,,,,,,,,,,,,,,,,,,,,,,,,,,,,,,,,,,,,,,,,,,,,,,,,,,,,,,,,,,,,,,,,,,,,,,,,,,,,,,,,,,,,,,,,,,,,,,,,,,,,,,,,,,,,,,,,,,,,,,,,,,,,,,,,,,,,,,,,,,,,,,,
53,Efetivar o funcionamento da Central de Libras,http://www.prestandocontas.org/?page_id=280,8,1,meta reduzida,,,,,,,,,,,,,,,,,,,,,,,,,,,,,,,,,,,,,,,,,,,,,,,,,,,,,,,,,,,,,,,,,,,,,,,,,,,,,,,,,,,,,,,,,,,,,,,,,,,,,,,,,,,,,,,,,,,,,,,,,,,,,,,,,,,,,,,,,,,,,,,,,
52,Garantir a oferta de vagas a todas as crianças beneficiarias do Benefício de Prestação Continuada da Assistência Social (BPC) e seu acompanhamento nos moldes do BPC Escola,http://www.prestandocontas.org/?page_id=284,8,1,sem alteração,,,,,,,,,TRUE,,,,,,,,,,,,,,,,,,,,,,,,,,,,,,,,,,,,,,,,,,,,,,,,,,,,,,,,,,,,,,,,,,,,,,,,,,,,,,,,,,,,,,,,,,,,,,,,,,,,,,,,,,,,,,,,,,,,,,,,,,,,,,,,,,,,,,,,
51,Garantir a acessibilidade para pessoas com mobilidade reduzida em 100% da frota de ônibus,http://www.prestandocontas.org/?page_id=287,8,1,sem alteração,,,,,,,,,,,,,,,,,,,,,,,,,,,,,,,,,,,,,,,,,,,,,,,,,,,,,,,,,,,,,,,,,,,,,,,,,,,,,,,,,,,,,,,,,,,,,,,,,,,,,,,,,,,,,,,,,,,,,,,,,,,,,,,,,,,,,,,,,,,,,,,,,
54,Revitalizar os Centros de Formação e Acompanhamento à Inclusão (CEFAI) ampliando a oferta de vagas para crianças com necessidades especiais,http://www.prestandocontas.org/?page_id=292,8,1,sem alteração,,,,,,,,,TRUE,,,,,,,,,,,,,,,,,,,,,,,,,,,,,,,,,,,,,,,,,,,,,,,,,,,,,,,,,,,,,,,,,,,,,,,,,,,,,,,,,,,,,,,,,,,,,,,,,,,,,,,,,,,,,,,,,,,,,,,,,,,,,,,,,,,,,,,,
55,Implantação de 10 residências inclusivas para pessoas com deficiência,http://www.prestandocontas.org/?page_id=2496,8,1,nova meta,,,,,,,,,,,,,,,,,,,,,,,,,,,,,,,,,,,,,,,,,,,,,,,,,,,,,,,,,,,,,,,,,,,,,,,,,,,,,,,,,,,,,,,,,,,,,,,,,,,,,,,,,,,,,,,,,,,,,,,,,,,,,,,,,,,,,,,,,,,,,,,,,
56,Implantação de 5 Centros Especializados de Reabilitação (CER),http://www.prestandocontas.org/?page_id=2497,8,1,nova meta,,,,,,,,,,,,,,,,TRUE,,,,,,,,,,,,,,,,,,,,,,,,,,,,,,,,,,,,,,,,,,,,,,,,,,,,,,,,,,,,,,,,,,,,,,,,,,,,,,,,,,,,,,,,,,,,,,,,,,,,,,,,,,,,,,,,,,,,,,,,,,,,,,,,,
57,Criar e efetivar a Secretaria Municipal de Promoção da Igualdade Racial,http://www.prestandocontas.org/?page_id=297,9,1,sem alteração,,,,,,,,,,,,,,,,,,,,,,,,,,,,,,,,,,,,,,,,,,,,,,,,,,,,,,,,,,,,,,,,,,,,,,,,,,,,,,,,,,,,,,,,,,,,,,,,,,,,,,,,,,,,,,,,,,,,,,,,,,,,,,,,,,,,,,,,,,,,,,,,,
58,Viabilizar a implementação das Leis Federais n° 10.639/2003 e n° 11.645/2008 que incluem no currículo oficial da rede de ensino a temática da História e Cultura Afro-Brasileira e indígena,http://www.prestandocontas.org/?page_id=299,9,1,sem alteração,,,,,,,,,TRUE,,,,,,,,,,,,,,,,,,,,,,,,,,,,,,,,,,,,,,,,,,,,,,,,,,,,,,,,,,,,,,,,,,,,,,,,,,,,,,,,,,,,,,,,,,,,,,,,,,,,,,,,,,,,,,,,,,,,,,,,,,,,,,,,,,,,,,,,
59,Criar e efetivar a Secretaria Municipal de Políticas para as Mulheres,http://www.prestandocontas.org/?page_id=87,9,1,sem alteração,,,,,,,,,,,,,,,,,,,,,,,,,,,,,,,,,,,,,,,,,,,,,,,,,,,,,,,,,,,,,,,,,,,,,,,,,,,,,,,,,,,,,,,,,,,,,,,,,,,,,,,,,,,,,,,,,,,,,,,,,,,,,,,,,,,,,,,,,,,,,,,,,
60,"Reestruturar os 5 Centros de Cidadania da Mulher, redefinindo suas diretrizes de atuação",http://www.prestandocontas.org/?page_id=149,9,1,sem alteração,,,,,,,,,,,,,,,,,,,,,,,,,,,,,,,,,,,,,,,,,,,,,,,,,,,,,,,,,,,,,,,,,,,,,,,,,,,,,,,,,,,,,,,,,,,,,,,,,,,,,,,,,,,,,,,,,,,,,,,,,,,,,,,,,,,,,,,,,,,,,,,,,
61,Desenvolver ações permanentes de combate à homofobia e respeito à diversidade sexual,http://www.prestandocontas.org/?page_id=186,9,1,sem alteração,,,,,,,,,,,,,,,,,,,,,,,,,,,,,,,,,,,,,,,,,,,,,,,,,,,,,,,,,,,,,,,,,,,,,,,,,,,,,,,,,,,,,,,,,,,,,,,,,,,,,,,,,,,,,,,,,,,,,,,,,,,,,,,,,,,,,,,,,,,,,,,,,
62,Implantar a Ouvidoria Municipal de Direitos Humanos,http://www.prestandocontas.org/?page_id=244,9,1,sem alteração,,,,,,,,,,,,,,,,,,,,,,,,,,,,,,,,,,,,,,,,,,,,,,,,,,,,,,,,,,,,,,,,,,,,,,,,,,,,,,,,,,,,,,,,,,,,,,,,,,,,,,,,,,,,,,,,,,,,,,,,,,,,,,,,,,,,,,,,,,,,,,,,,
63,Implantar a Educação em Direitos Humanos na rede municipal de ensino,http://www.prestandocontas.org/?page_id=256,9,1,sem alteração,,,,,,,,,TRUE,,,,,,,,,,,,,,,,,,,,,,,,,,,,,,,,,,,,,,,,,,,,,,,,,,,,,,,,,,,,,,,,,,,,,,,,,,,,,,,,,,,,,,,,,,,,,,,,,,,,,,,,,,,,,,,,,,,,,,,,,,,,,,,,,,,,,,,,
64,"Criar a Comissão da Verdade, da Memória e da Justiça no âmbito do Executivo municipal",http://www.prestandocontas.org/?page_id=319,9,1,sem alteração,,,,,,,,,,,,,,,,,,,,,,,,,,,,,,,,,,,,,,,,,,,,,,,,,,,,,,,,,,,,,,,,,,,,,,,,,,,,,,,,,,,,,,,,,,,,,,,,,,,,,,,,,,,,,,,,,,,,,,,,,,,,,,,,,,,,,,,,,,,,,,,,,
65,Criar e implantar a Política Municipal para Migrantes e de Combate à Xenofobia,http://www.prestandocontas.org/?page_id=2515,9,1,nova meta,,,,,,,,,,,,,,,,,,,,,,,,,,,,,,,,,,,,,,,,,,,,,,,,,,,,,,,,,,,,,,,,,,,,,,,,,,,,,,,,,,,,,,,,,,,,,,,,,,,,,,,,,,,,,,,,,,,,,,,,,,,,,,,,,,,,,,,,,,,,,,,,,
66,"Fortalecer os Conselhos Tutelares, dotando-os de infraestrutura adequada e oferecendo política permanente de formação",http://www.prestandocontas.org/?page_id=2516,9,1,nova meta,,,,,,,,,,,,,,,,,,,,,,,,,,,,,,,,,,,,,,,,,,,,,,,,,,,,,,,,,,,,,,,,,,,,,,,,,,,,,,,,,,,,,,,,,,,,,,,,,,,,,,,,,,,,,,,,,,,,,,,,,,,,,,,,,,,,,,,,,,,,,,,,,
67,Implantar 08 novas Unidades de Referência à Saúde do Idoso (URSI),http://www.prestandocontas.org/?page_id=2521,10,1,nova meta,,,,,,,,,,,,,,,,TRUE,,,,,,,,,,,,,,,,,,,,,,,,,,,,,,,,,,,,,,,,,,,,,,,,,,,,,,,,,,,,,,,,,,,,,,,,,,,,,,,,,,,,,,,,,,,,,,,,,,,,,,,,,,,,,,,,,,,,,,,,,,,,,,,,,
68,Implantar 15 Centros Dia destinados à população idosa,http://www.prestandocontas.org/?page_id=2529,10,1,nova meta,,,,,,,,,,,,,,,,,,,,,,,,,,,,,,,,,,,,,,,,,,,,,,,,,,,,,,,,,,,,,,,,,,,,,,,,,,,,,,,,,,,,,,,,,,,,,,,,,,,,,,,,,,,,,,,,,,,,,,,,,,,,,,,,,,,,,,,,,,,,,,,,,
69,Desenvolver campanha de conscientização sobre a violência contra a pessoa idosa,http://www.prestandocontas.org/?page_id=2530,10,1,nova meta,,,,,,,,,,,,,,,,,,,,,,,,,,,,,,,,,,,,,,,,,,,,,,,,,,,,,,,,,,,,,,,,,,,,,,,,,,,,,,,,,,,,,,,,,,,,,,,,,,,,,,,,,,,,,,,,,,,,,,,,,,,,,,,,,,,,,,,,,,,,,,,,,
70,Implantar 5 unidades de Instituições de Longa Permanência do Idoso - ILPI,http://www.prestandocontas.org/?page_id=2531,10,1,nova meta,,,,,,,,,,,,,,,,,,,,,,,,,,,,,,,,,,,,,,,,,,,,,,,,,,,,,,,,,,,,,,,,,,,,,,,,,,,,,,,,,,,,,,,,,,,,,,,,,,,,,,,,,,,,,,,,,,,,,,,,,,,,,,,,,,,,,,,,,,,,,,,,,
71,Criar a Universidade Aberta da Pessoa Idosa do Município,http://www.prestandocontas.org/?page_id=2532,10,1,nova meta,,,,,,,,,TRUE,,,,,,,,,,,,,,,,,,,,,,,,,,,,,,,,,,,,,,,,,,,,,,,,,,,,,,,,,,,,,,,,,,,,,,,,,,,,,,,,,,,,,,,,,,,,,,,,,,,,,,,,,,,,,,,,,,,,,,,,,,,,,,,,,,,,,,,,
72,Requalificar a infraestrutura e os espaços públicos do Centro,http://www.prestandocontas.org/?page_id=322,11,1,meta reduzida,,,,,,,,,,,,,,,,,,,,,,,,,,,,,,,,,,,,,,,,,,,,,,,,,,,,,,,,,,,,,,,,,,,,,,,,,,,,,,,,,,,,,,,,,,,,,,,,,,,,,,,,,,,,,,,,,,,,,,,,,,,,,,,,,,,,,,,,,,,,,,,,,
73,"Implantar 42 áreas de conexão wi-fi aberta, com qualidade e estabilidade de sinal",http://www.prestandocontas.org/?page_id=329,11,1,sem alteração,,,,,,,,,,,,,,,,,,,,,,,,,,,,,,,,,,,,,,,,,,,,,,,,,,,,,,,,,,,,,,,,,,,,,,,,,,,,,,,,,,,,,,,,,,,,,,,,,,,,,,,,,,,,,,,,,,,,,,,,,,,,,,,,,,,,,,,,,,,,,,,,,
76,Criar 32 programas de requalificação do espaço público e melhoria de bairro,http://www.prestandocontas.org/?page_id=334,11,1,sem alteração,,,,,,,,,,,,,,,,,,,,,,,,,,,,,,,,,,,,,,,,,,,,,,,,,,,,,,,,,,,,,,,,,,,,,,,,,,,,,,,,,,,,,,,,,,,,,,,,,,,,,,,,,,,,,,,,,,,,,,,,,,,,,,,,,,,,,,,,,,,,,,,,,
77,Criar e efetivar a Agência São Paulo de Desenvolvimento,http://www.prestandocontas.org/?page_id=337,12,2,sem alteração,,,,,,,,,,,,,,,,,,,,,,,,,,,,,,,,,,,,,,,,,,,,,,,,,,,,,,,,,,,,,,,,,,,,,,,,,,,,,,,,,,,,,,,,,,,,,,,,,,,,,,,,,,,,,,,,,,,,,,,,,,,,,,,,,,,,,,,,,,,,,,,,,
78,Criar uma agência de promoção investimentos para a cidade de São Paulo a partir da expansão da atuação da Companhia São Paulo de Parcerias - SPP,http://www.prestandocontas.org/?page_id=341,12,2,sem alteração,,,,,,,,,,,,,,,,,,,,,,,,,,,,,,,,,,,,,,,,,,,,,,,,,,,,,,,,,,,,,,,,,,,,,,,,,,,,,,,,,,,,,,,,,,,,,,,,,,,,,,,,,,,,,,,,,,,,,,,,,,,,,,,,,,,,,,,,,,,,,,,,,
79,Criar e efetivar o Programa de Incentivos Fiscais nas Regiões Leste e extremos Sul,http://www.prestandocontas.org/?page_id=344,12,2,meta reduzida,,,,,,,,,,,,,,,,,,,,,,,,,,,,,,,,,,,,,,,,,,,,,,,,,,,,,,,,,,,,,,,,,,,,,,,,,,,,,,,,,,,,,,,,,,,,,,,,,,,,,,,,,,,,,,,,,,,,,,,,,,,,,,,,,,,,,,,,,,,,,,,,,
80,Criar 1 Parque Tecnológico Municipal na Zona Leste e apoiar a criação do Parque Tecnológico Estadual do Jaguaré,http://www.prestandocontas.org/?page_id=347,13,2,sem alteração,,,,,,,,,,,,,,,,,,,,,,,,,,,,,,,,,,,,,,,,,,,,,,,,,,,,,,,,,,,,,,,,,,,,,,,,,,,,,,,,,,,,,,,,,,,,,,,,,,,,,,,,,,,,,,,,,,,,,,,,,,,,,,,,,,,,,,,,,,,,,,,,,
81,"Implantar o programa VAI TEC para incentivo de desenvolvedores de tecnologias inovadoras, abertas e colaborativas",http://www.prestandocontas.org/?page_id=352,13,2,sem alteração,,,,,,,,,,,,,,,,,,,,,,,,,,,,,,,,,,,,,,,,,,,,,,,,,,,,,,,,,,,,,,,,,,,,,,,,,,,,,,,,,,,,,,,,,,,,,,,,,,,,,,,,,,,,,,,,,,,,,,,,,,,,,,,,,,,,,,,,,,,,,,,,,
82,"Apoiar a implantação da UNIFESP e do Instituto Federal São Paulo nas Zonas Leste e Norte, respectivamente",http://www.prestandocontas.org/?page_id=357,13,2,sem alteração,,concluída,,,,,,,TRUE,,,,,,,,,,,,,,,,,,,,,,,,,,,,,,,,,,,,,,,,,,,,,,,,,,,,,,,,,,,,,,,,,,,,,,,,,,,,,,,,,,,,,,,,,,,,,,,,,,,,,,,,,,,,,,,,,,,,,,,,,,,,,,,,,,,,,,,,
84,Concluir as fases II e III do Programa de Mananciais beneficiando 70 mil famílias,http://www.prestandocontas.org/?page_id=363,14,2,meta ampliada,,,,,,,,,,,,,,,,,,,,,,,,,,,,,,,,,,,,,,,,,,,,,,,,,,,,,,,,,,,,,,,,,,,,,,,,,,,,,,,,,,,,,,,,,,,,,,,,,,,,,,,,,,,,,,,,,,,,,,,,,,,,,,,,,,,,,,,,,,,,,,,,,
85,Criar e efetivar um programa de incentivos fiscais para prédios verdes,http://www.prestandocontas.org/?page_id=597,14,2,meta reduzida,,,,,,,,,,,,,,,,,,,,,,,,,,,,,,,,,,,,,,,,,,,,,,,,,,,,,,,,,,,,,,,,,,,,,,,,,,,,,,,,,,,,,,,,,,,,,,,,,,,,,,,,,,,,,,,,,,,,,,,,,,,,,,,,,,,,,,,,,,,,,,,,,
83,Criar um sistema de contrapartida para fins de implantação de áreas verdes e financiamento de terrenos para parques,http://www.prestandocontas.org/?page_id=599,14,2,sem alteração,,,,,,,,,,,,,,,,,,,,,,,,,,,,,,,,,,,,,,,,,,,,,,,,,,,,,,,,,,,,,,,,,,,,,,,,,,,,,,,,,,,,,,,,,,,,,,,,,,,,,,,,,,,,,,,,,,,,,,,,,,,,,,,,,,,,,,,,,,,,,,,,,
86,Readequar e requalificar com ações prioritárias 34 Parques e Unidades de Conservação Municipais,http://www.prestandocontas.org/?page_id=601,14,2,sem alteração,,,,,,,,,,,,,,,,,,,,,,,,,,,,,,,,,,,,,,,,,,,,,,,,,,,,,,,,,,,,,,,,,,,,,,,,,,,,,,,,,,,,,,,,,,,,,,,,,,,,,,,,,,,,,,,,,,,,,,,,,,,,,,,,,,,,,,,,,,,,,,,,,
87,"Implantar 32 polos de educação ambiental, capacitando e sensibilizando 120.000 cidadãos",http://www.prestandocontas.org/?page_id=2558,14,2,nova meta,,,,,,,,,TRUE,,,,,,,,,,,,,,,,,,,,,,,,,,,,,,,,,,,,,,,,,,,,,,,,,,,,,,,,,,,,,,,,,,,,,,,,,,,,,,,,,,,,,,,,,,,,,,,,,,,,,,,,,,,,,,,,,,,,,,,,,,,,,,,,,,,,,,,,
88,"Plantar 900 mil mudas de árvores em passeios públicos, canteiros centrais e no Sistema de Áreas Verdes",http://www.prestandocontas.org/?page_id=2559,14,2,nova meta,,,,,,,,,,,,,,,,,,,,,,,,,,,,,,,,,,,,,,,,,,,,,,,,,,,,,,,,,,,,,,,,,,,,,,,,,,,,,,,,,,,,,,,,,,,,,,,,,,,,,,,,,,,,,,,,,,,,,,,,,,,,,,,,,,,,,,,,,,,,,,,,,
112,Criar 400 Núcleos de Defesa Civil - NUDEC,http://www.prestandocontas.org/?page_id=604,18,3,mudou classificação,,,,,,,,,,,,,,,,,,,,,,,,,,,,,,,,,,,,,,,,,,,,,,,,,,,,,,,,,,,,,,,,,,,,,,,,,,,,,,,,,,,,,,,,,,,,,,,,,,,,,,,,,,,,,,,,,,,,,,,,,,,,,,,,,,,,,,,,,,,,,,,,,
89,Ampliar a coleta seletiva municipal para os 21 distritos que ainda não são atendidos,http://www.prestandocontas.org/?page_id=606,15,2,sem alteração,,,,,,,,,,,,,,,,,,,,,,,,,,,,,,,,,,,,,,,,,,,,,,,,,,,,,,,,,,,,,,,,,,,,,,,,,,,,,,,,,,,,,,,,,,,,,,,,,,,,,,,,,,,,,,,,,,,,,,,,,,,,,,,,,,,,,,,,,,,,,,,,,
90,"Obter terrenos, projetar, licitar, licenciar, garantir a fonte de financiamento e construir 4 novas centrais de triagem automatizadas",http://www.prestandocontas.org/?page_id=609,15,2,sem alteração,,,,,,,,,,,,,,,,,,,,,,,,,,,,,,,,,,,,,,,,,,,,,,,,,,,,,,,,,,,,,,,,,,,,,,,,,,,,,,,,,,,,,,,,,,,,,,,,,,,,,,,,,,,,,,,,,,,,,,,,,,,,,,,,,,,,,,,,,,,,,,,,,
91,Implantar 84 Ecopontos (Estações de Entrega Voluntária de Inservíveis),http://www.prestandocontas.org/?page_id=611,15,2,sem alteração,,,,,,,,,,,,,,,,,,,,,,,,,,,,,,,,,,,,,,,,,,,,,,,,,,,,,,,,,,,,,,,,,,,,,,,,,,,,,,,,,,,,,,,,,,,,,,,,,,,,,,,,,,,,,,,,,,,,,,,,,,,,,,,,,,,,,,,,,,,,,,,,,
92,Promover a compostagem dos resíduos sólidos orgânicos provenientes das 900 Feiras Livres Municipais e dos serviços de poda da cidade,http://www.prestandocontas.org/?page_id=2567,15,2,nova meta,,,,,,,,,,,,,,,,,,,,,,,,,,,,,,,,,,,,,,,,,,,,,,,,,,,,,,,,,,,,,,,,,,,,,,,,,,,,,,,,,,,,,,,,,,,,,,,,,,,,,,,,,,,,,,,,,,,,,,,,,,,,,,,,,,,,,,,,,,,,,,,,,
93,"Projetar, licitar, licenciar, garantir a fonte de financiamento e construir 150 km de novos corredores de ônibus de alto padrão",http://www.prestandocontas.org/?page_id=73,16,2,sem alteração,,,,,,,,,,,,,,,,,,,,,,,,,,,,,,,,,,,,,,,,,,,,,,,,,,,,,,,,,,,,,,,,,,,,,,,,,,,,,,,,,,,,,,,,,,,,,,,,,,,,,,,,,,,,,,,,,,,,,,,,,,,,,,,,,,,,,,,,,,,,,,,,,
94,"Implantar as novas modalidades temporais de Bilhete Único (Diária, Semanal e Mensal)",http://www.prestandocontas.org/?page_id=615,16,2,sem alteração,,,,,,,,,,,,,,,,,,,,,,,,,,,,,,,,,,,,,,,,,,,,,,,,,,,,,,,,,,,,,,,,,,,,,,,,,,,,,,,,,,,,,,,,,,,,,,,,,,,,,,,,,,,,,,,,,,,,,,,,,,,,,,,,,,,,,,,,,,,,,,,,,
95,Implantar horário de funcionamento 24h no transporte público municipal,http://www.prestandocontas.org/?page_id=617,16,2,sem alteração,,,,,,,,,,,,,,,,,,,,,,,,,,,,,,,,,,,,,,,,,,,,,,,,,,,,,,,,,,,,,,,,,,,,,,,,,,,,,,,,,,,,,,,,,,,,,,,,,,,,,,,,,,,,,,,,,,,,,,,,,,,,,,,,,,,,,,,,,,,,,,,,,
96,Implantar 150 km de faixas exclusivas de ônibus,http://www.prestandocontas.org/?page_id=620,16,2,sem alteração,,,,,,,,,,,,,,,,,,,,,,,,,,,,,,,,,,,,,,,,,,,,,,,,,,,,,,,,,,,,,,,,,,,,,,,,,,,,,,,,,,,,,,,,,,,,,,,,,,,,,,,,,,,,,,,,,,,,,,,,,,,,,,,,,,,,,,,,,,,,,,,,,
97,Implantar uma rede de 400 km de vias cicláveis,http://www.prestandocontas.org/?page_id=622,16,2,sem alteração,,,,,,,,,,,,,,,,,,,,,,,,,,,,,,,,,,,,,,,,,,,,,,,,,,,,,,,,,,,,,,,,,,,,,,,,,,,,,,,,,,,,,,,,,,,,,,,,,,,,,,,,,,,,,,,,,,,,,,,,,,,,,,,,,,,,,,,,,,,,,,,,,
98,Modernizar a rede semafórica,http://www.prestandocontas.org/?page_id=624,16,2,sem alteração,,,,,,,,,,,,,,,,,,,,,,,,,,,,,,,,,,,,,,,,,,,,,,,,,,,,,,,,,,,,,,,,,,,,,,,,,,,,,,,,,,,,,,,,,,,,,,,,,,,,,,,,,,,,,,,,,,,,,,,,,,,,,,,,,,,,,,,,,,,,,,,,,
75,Realizar as obras previstas no âmbito da Operação Urbana Consorciada Água Espraiada (OUCAE),http://www.prestandocontas.org/?page_id=626,11,1,meta reduzida,,,,,,,,,,,,,,,,,,,,,,,,,,,,,,,,,,,,,,,,,,,,,,,,,,,,,,,,,,,,,,,,,,,,,,,,,,,,,,,,,,,,,,,,,,,,,,,,,,,,,,,,,,,,,,,,,,,,,,,,,,,,,,,,,,,,,,,,,,,,,,,,,
99,"Projetar, licitar, licenciar e garantir a fonte de financiamento para a execução do Plano Viário Sul",http://www.prestandocontas.org/?page_id=629,16,2,sem alteração,,,,,,,,,,,,,,,,,,,,,,,,,,,,,,,,,,,,,,,,,,,,,,,,,,,,,,,,,,,,,,,,,,,,,,,,,,,,,,,,,,,,,,,,,,,,,,,,,,,,,,,,,,,,,,,,,,,,,,,,,,,,,,,,,,,,,,,,,,,,,,,,,
1082,"Projetar, licitar, licenciar e garantir a fonte de financiamento para viabilizar as obras do apoio viário norte e sul da Marginal do Rio Tietê",http://www.prestandocontas.org/?page_id=631,16,2,meta excluída,,,,,,,,,,,,,,,,,,,,,,,,,,,,,,,,,,,,,,,,,,,,,,,,,,,,,,,,,,,,,,,,,,,,,,,,,,,,,,,,,,,,,,,,,,,,,,,,,,,,,,,,,,,,,,,,,,,,,,,,,,,,,,,,,,,,,,,,,,,,,,,,,
100,Concluir obras do complexo Nova Radial,http://www.prestandocontas.org/?page_id=633,16,2,sem alteração,,,,,,,,,,,,,,,,,,,,,,,,,,,,,,,,,,,,,,,,,,,,,,,,,,,,,,,,,,,,,,,,,,,,,,,,,,,,,,,,,,,,,,,,,,,,,,,,,,,,,,,,,,,,,,,,,,,,,,,,,,,,,,,,,,,,,,,,,,,,,,,,,
101,"Projetar, licitar, licenciar, garantir a fonte de financiamento e construir a ponte Raimundo Pereira de Magalhães",http://www.prestandocontas.org/?page_id=636,16,2,sem alteração,,,,,,,,,,,,,,,,,,,,,,,,,,,,,,,,,,,,,,,,,,,,,,,,,,,,,,,,,,,,,,,,,,,,,,,,,,,,,,,,,,,,,,,,,,,,,,,,,,,,,,,,,,,,,,,,,,,,,,,,,,,,,,,,,,,,,,,,,,,,,,,,,
102,Ampliar o Programa de Proteção ao Pedestre atingindo 18 novas grandes avenidas e 14 locais de intensa circulação de pedestres,http://www.prestandocontas.org/?page_id=2575,16,2,nova meta,,,,,,,,,,,,,,,,,,,,,,,,,,,,,,,,,,,,,,,,,,,,,,,,,,,,,,,,,,,,,,,,,,,,,,,,,,,,,,,,,,,,,,,,,,,,,,,,,,,,,,,,,,,,,,,,,,,,,,,,,,,,,,,,,,,,,,,,,,,,,,,,,
103,Construir a Alça do Aricanduva,http://www.prestandocontas.org/?page_id=2576,16,2,nova meta,,,,,,,,,,,,,,,,,,,,,,,,,,,,,,,,,,,,,,,,,,,,,,,,,,,,,,,,,,,,,,,,,,,,,,,,,,,,,,,,,,,,,,,,,,,,,,,,,,,,,,,,,,,,,,,,,,,,,,,,,,,,,,,,,,,,,,,,,,,,,,,,,
104,Intervir em 79 pontos de alagamentos por meio do Programa de Redução de Alagamentos - PRA,http://www.prestandocontas.org/?page_id=638,17,2,sem alteração,,,,,,,,,,,,,,,,,,,,,,,,,,,,,,,,,,,,,,,,,,,,,,,,,,,,,,,,,,,,,,,,,,,,,,,,,,,,,,,,,,,,,,,,,,,,,,,,,,,,,,,,,,,,,,,,,,,,,,,,,,,,,,,,,,,,,,,,,,,,,,,,,
105,"Realizar intervenções de controle de cheias em bacias dos córregos: Ponte Baixa, Zavuvus, Sumaré/Água Preta, Aricanduva, Cordeiro, Praça da Bandeira, Avenda Anhaia Mello, Freitas/Capão Redondo, Paraguai/Éguas, Riacho do Ipiranga, Tremembé, Ribeirão Perus e Paciência e desenvolver o projeto para intervenção nos córregos do Itaim Paulista",http://www.prestandocontas.org/?page_id=641,17,2,meta ampliada,,,,,,,,,,,,,,,,,,,,,,,,,,,,,,,,,,,,,,,,,,,,,,,,,,,,,,,,,,,,,,,,,,,,,,,,,,,,,,,,,,,,,,,,,,,,,,,,,,,,,,,,,,,,,,,,,,,,,,,,,,,,,,,,,,,,,,,,,,,,,,,,,
106,"Desenvolver o programa de drenagem e manejo das águas pluviais, com a criação de uma instância municipal de regulação, articulação e monitoramento da drenagem urbana",http://www.prestandocontas.org/?page_id=644,17,2,sem alteração,,,,,,,,,,,,,,,,,,,,,,,,,,,,,,,,,,,,,,,,,,,,,,,,,,,,,,,,,,,,,,,,,,,,,,,,,,,,,,,,,,,,,,,,,,,,,,,,,,,,,,,,,,,,,,,,,,,,,,,,,,,,,,,,,,,,,,,,,,,,,,,,,
107,Criar 32 Centros de Atendimento ao Cidadão (CAC),http://www.prestandocontas.org/?page_id=647,18,3,sem alteração,,,,,,,,,,,,,,,,,,,,,,,,,,,,,,,,,,,,,,,,,,,,,,,,,,,,,,,,,,,,,,,,,,,,,,,,,,,,,,,,,,,,,,,,,,,,,,,,,,,,,,,,,,,,,,,,,,,,,,,,,,,,,,,,,,,,,,,,,,,,,,,,,
109,Criar a Subprefeitura de Sapopemba,http://www.prestandocontas.org/?page_id=651,18,3,sem alteração,,,,,,,,,,,,,,,,,,,,,,,,,,,,,,,,,,,,,,,,,,,,,,,,,,,,,,,,,,,,,,,,,,,,,,,,,,,,,,,,,,,,,,,,,,,,,,,,,,,,,,,,,,,,,,,,,,,,,,,,,,,,,,,,,,,,,,,,,,,,,,,,,
108,Ampliar e modernizar os serviços oferecidos por meio do 156,http://www.prestandocontas.org/?page_id=653,18,3,sem alteração,,,,,,,,,,,,,,,,,,,,,,,,,,,,,,,,,,,,,,,,,,,,,,,,,,,,,,,,,,,,,,,,,,,,,,,,,,,,,,,,,,,,,,,,,,,,,,,,,,,,,,,,,,,,,,,,,,,,,,,,,,,,,,,,,,,,,,,,,,,,,,,,,
1091,Implantar a Central de Operações da Defesa Civil para a gestão de riscos e respostas a desastres,http://www.prestandocontas.org/?page_id=655,18,3,meta agregada,,,,,,,,,,,,,,,,,,,,,,,,,,,,,,,,,,,,,,,,,,,,,,,,,,,,,,,,,,,,,,,,,,,,,,,,,,,,,,,,,,,,,,,,,,,,,,,,,,,,,,,,,,,,,,,,,,,,,,,,,,,,,,,,,,,,,,,,,,,,,,,,,
116,Implantar o Gabinete Digital como instrumento de transparência e participação social,http://www.prestandocontas.org/?page_id=658,19,3,mudou classificação,,,,,,,,,,,,,,,,,,,,,,,,,,,,,,,,,,,,,,,,,,,,,,,,,,,,,,,,,,,,,,,,,,,,,,,,,,,,,,,,,,,,,,,,,,,,,,,,,,,,,,,,,,,,,,,,,,,,,,,,,,,,,,,,,,,,,,,,,,,,,,,,,
111,"Implantar um Sistema de Informação Geográfica, com dados abertos e livre consulta",http://www.prestandocontas.org/?page_id=660,18,3,sem alteração,,,,,,,,,,,,,,,,,,,,,,,,,,,,,,,,,,,,,,,,,,,,,,,,,,,,,,,,,,,,,,,,,,,,,,,,,,,,,,,,,,,,,,,,,,,,,,,,,,,,,,,,,,,,,,,,,,,,,,,,,,,,,,,,,,,,,,,,,,,,,,,,,
113,"Criar o Conselho da Cidade, o Conselho Municipal de Transportes e mais 6 novos Conselhos Temáticos",http://www.prestandocontas.org/?page_id=663,19,3,meta ampliada,,,,,,,,,,,,,,,,,,,,,,,,,,,,,,,,,,,,,,,,,,,,,,,,,,,,,,,,,,,,,,,,,,,,,,,,,,,,,,,,,,,,,,,,,,,,,,,,,,,,,,,,,,,,,,,,,,,,,,,,,,,,,,,,,,,,,,,,,,,,,,,,,
114,Realizar 44 Conferências Municipais Temáticas,http://www.prestandocontas.org/?page_id=667,19,3,meta ampliada,,,,,,,,,TRUE,,,,,,,TRUE,,,,,,,,,,,,,,,,,,,,,,,,,,,,,,,,,,,,,,,,,,,,,,,,,,,,,,,,,,,,,,,,,,,,,,,,,,,,,,,,,,,,,,,,,,,,,,,,,,,,,,,,,,,,,,,,,,,,,,,,,,,,,,,,,
115,Criar Conselhos Participativos nas 32 Subprefeituras,http://www.prestandocontas.org/?page_id=669,19,3,sem alteração,,,,,,,,,,,,,,,,,,,,,,,,,,,,,,,,,,,,,,,,,,,,,,,,,,,,,,,,,,,,,,,,,,,,,,,,,,,,,,,,,,,,,,,,,,,,,,,,,,,,,,,,,,,,,,,,,,,,,,,,,,,,,,,,,,,,,,,,,,,,,,,,,
117,"Fortalecer os Órgãos Colegiados Municipais, dotando-os de infraestrutura e gestão adequadas para a realização das atribuições previstas em lei",http://www.prestandocontas.org/?page_id=671,19,3,meta reduzida,,,,,,,,,,,,,,,,TRUE,,,,,,,,,,,,,,,,,,,,,,,,,,,,,,,,,,,,,,,,,,,,,,,,,,,,,,,,,,,,,,,,,,,,,,,,,,,,,,,,,,,,,,,,,,,,,,,,,,,,,,,,,,,,,,,,,,,,,,,,,,,,,,,,,
118,Implantar o Observatório de Indicadores da Cidade de São Paulo,http://www.prestandocontas.org/?page_id=2583,19,3,nova meta,,,,,,,,,TRUE,,,,,,,TRUE,,,,,,,,,,,,,,,,,,,,,,,,,,,,,,,,,,,,,,,,,,,,,,,,,,,,,,,,,,,,,,,,,,,,,,,,,,,,,,,,,,,,,,,,,,,,,,,,,,,,,,,,,,,,,,,,,,,,,,,,,,,,,,,,,
119,Implementar o Ciclo Participativo de Planejamento e Orçamento,http://www.prestandocontas.org/?page_id=2584,19,3,nova meta,,,,,,,,,,,,,,,,,,,,,,,,,,,,,,,,,,,,,,,,,,,,,,,,,,,,,,,,,,,,,,,,,,,,,,,,,,,,,,,,,,,,,,,,,,,,,,,,,,,,,,,,,,,,,,,,,,,,,,,,,,,,,,,,,,,,,,,,,,,,,,,,,
120,Aprovar o novo Plano Diretor Estratégico,http://www.prestandocontas.org/?page_id=675,20,3,sem alteração,adotada,,,,,,,,,,,,,,,,,,,,,,,,,,,,,,,,,,,,,,,,,,,,,,,,,,,,,,,,,,,,,,,,,,,,,,,,,,,,,,,,,,,,,,,,,,,,,,,,,,,,,,,,,,,,,,,,,,,,,,,,,,,,,,,,,,,,,,,,,,,,,,,,
121,"Revisar a Lei de Parcelamento, Uso e Ocupação de Solo",http://www.prestandocontas.org/?page_id=680,20,3,sem alteração,adotada,,,,,,,,,,,,,,,,,,,,,,,,,,,,,,,,,,,,,,,,,,,,,,,,,,,,,,,,,,,,,,,,,,,,,,,,,,,,,,,,,,,,,,,,,,,,,,,,,,,,,,,,,,,,,,,,,,,,,,,,,,,,,,,,,,,,,,,,,,,,,,,,
122,Revisar os Planos Regionais Estratégicos,http://www.prestandocontas.org/?page_id=682,20,3,sem alteração,adotada,,,,,,,,,,,,,,,,,,,,,,,,,,,,,,,,,,,,,,,,,,,,,,,,,,,,,,,,,,,,,,,,,,,,,,,,,,,,,,,,,,,,,,,,,,,,,,,,,,,,,,,,,,,,,,,,,,,,,,,,,,,,,,,,,,,,,,,,,,,,,,,,
123,"Aprovar a Operação Urbana Mooca/Vila Carioca, a revisão da Operação Urbana Água Branca e promover o projeto de intervenção urbana Arco Tietê",http://www.prestandocontas.org/?page_id=2591,20,3,nova meta,,,,,,,,,,,,,,,,,,,,,,,,,,,,,,,,,,,,,,,,,,,,,,,,,,,,,,,,,,,,,,,,,,,,,,,,,,,,,,,,,,,,,,,,,,,,,,,,,,,,,,,,,,,,,,,,,,,,,,,,,,,,,,,,,,,,,,,,,,,,,,,,,